idWilayah,idParent,namaWilayah,tingkatWilayah,kodePro,kodeKab,kodeKec,kodeKel,domainName,idPro,idKab,namaPro,namaKab
2,1,ACEH SELATAN,2,11,1101,110100,1101000000,acehselatankab,1,2,ACEH,ACEH SELATAN
269,1,ACEH TENGGARA,2,11,1102,110200,1102000000,acehtenggarakab,1,269,ACEH,ACEH TENGGARA
671,1,ACEH TIMUR,2,11,1103,110300,1103000000,acehtimurkab,1,671,ACEH,ACEH TIMUR
1207,1,ACEH TENGAH,2,11,1104,110400,1104000000,acehtengahkab,1,1207,ACEH,ACEH TENGAH
1492,1,ACEH BARAT,2,11,1105,110500,1105000000,acehbaratkab,1,1492,ACEH,ACEH BARAT
1824,1,ACEH BESAR,2,11,1106,110600,1106000000,acehbesarkab,1,1824,ACEH,ACEH BESAR
2452,1,PIDIE,2,11,1107,110700,1107000000,pidiekab,1,2452,ACEH,PIDIE
3205,1,ACEH UTARA,2,11,1108,110800,1108000000,acehutarakab,1,3205,ACEH,ACEH UTARA
4086,1,SIMEULUE,2,11,1109,110900,1109000000,simeuluekab,1,4086,ACEH,SIMEULUE
4233,1,ACEH SINGKIL,2,11,1110,111000,1110000000,acehsingkilkab,1,4233,ACEH,ACEH SINGKIL
4362,1,BIREUEN,2,11,1111,111100,1111000000,bireuenkab,1,4362,ACEH,BIREUEN
4989,1,ACEH BARAT DAYA,2,11,1112,111200,1112000000,acehbaratdayakab,1,4989,ACEH,ACEH BARAT DAYA
5138,1,GAYO LUES,2,11,1113,111300,1113000000,gayolueskab,1,5138,ACEH,GAYO LUES
5286,1,ACEH JAYA,2,11,1114,111400,1114000000,acehjayakab,1,5286,ACEH,ACEH JAYA
5463,1,NAGAN RAYA,2,11,1115,111500,1115000000,naganrayakab,1,5463,ACEH,NAGAN RAYA
5694,1,ACEH TAMIANG,2,11,1116,111600,1116000000,acehtamiangkab,1,5694,ACEH,ACEH TAMIANG
5920,1,BENER MERIAH,2,11,1117,111700,1117000000,benermeriahkab,1,5920,ACEH,BENER MERIAH
6166,1,PIDIE JAYA,2,11,1118,111800,1118000000,pidiejayakab,1,6166,ACEH,PIDIE JAYA
6397,1,KOTA BANDA ACEH,2,11,1171,117100,1171000000,bandaacehkota,1,6397,ACEH,KOTA BANDA ACEH
6497,1,KOTA SABANG,2,11,1172,117200,1172000000,sabangkota,1,6497,ACEH,KOTA SABANG
6518,1,KOTA LHOKSEUMAWE,2,11,1173,117300,1173000000,lhokseumawekota,1,6518,ACEH,KOTA LHOKSEUMAWE
6591,1,KOTA LANGSA,2,11,1174,117400,1174000000,langsakota,1,6591,ACEH,KOTA LANGSA
6648,1,KOTA SUBULUSSALAM,2,11,1175,117500,1175000000,subulussalamkota,1,6648,ACEH,KOTA SUBULUSSALAM
6729,6728,LABUHANBATU SELATAN,2,12,1222,122200,1222000000,labuanbatuselatankab,6728,6729,SUMATERA UTARA,LABUHANBATU SELATAN
6789,6728,LABUHANBATU UTARA,2,12,1223,122300,1223000000,labuanbatuutarakab,6728,6789,SUMATERA UTARA,LABUHANBATU UTARA
6888,6728,NIAS UTARA,2,12,1224,122400,1224000000,niasutarakab,6728,6888,SUMATERA UTARA,NIAS UTARA
7013,6728,NIAS BARAT,2,12,1225,122500,1225000000,niasbaratkab,6728,7013,SUMATERA UTARA,NIAS BARAT
7132,6728,KOTA GUNUNGSITOLI,2,12,1278,127800,1278000000,gunungsitolikota,6728,7132,SUMATERA UTARA,KOTA GUNUNGSITOLI
7240,6728,TAPANULI TENGAH,2,12,1201,120100,1201000000,tapanulitengahkab,6728,7240,SUMATERA UTARA,TAPANULI TENGAH
7438,6728,TAPANULI UTARA,2,12,1202,120200,1202000000,tapanuliutarakab,6728,7438,SUMATERA UTARA,TAPANULI UTARA
7697,6728,TAPANULI SELATAN,2,12,1203,120300,1203000000,tapanuliselatankab,6728,7697,SUMATERA UTARA,TAPANULI SELATAN
7960,6728,NIAS,2,12,1204,120400,1204000000,niaskab,6728,7960,SUMATERA UTARA,NIAS
8094,6728,LANGKAT,2,12,1205,120500,1205000000,langkatkab,6728,8094,SUMATERA UTARA,LANGKAT
8408,6728,KARO,2,12,1206,120600,1206000000,karokab,6728,8408,SUMATERA UTARA,KARO
8688,6728,DELI SERDANG,2,12,1207,120700,1207000000,deliserdangkab,6728,8688,SUMATERA UTARA,DELI SERDANG
9114,6728,SIMALUNGUN,2,12,1208,120800,1208000000,simalungunkab,6728,9114,SUMATERA UTARA,SIMALUNGUN
9497,6728,ASAHAN,2,12,1209,120900,1209000000,asahankab,6728,9497,SUMATERA UTARA,ASAHAN
9727,6728,LABUHANBATU,2,12,1210,121000,1210000000,labuhanbatukab,6728,9727,SUMATERA UTARA,LABUHANBATU
9835,6728,DAIRI,2,12,1211,121100,1211000000,dairikab,6728,9835,SUMATERA UTARA,DAIRI
10020,6728,TOBA SAMOSIR,2,12,1212,121200,1212000000,tobasamosirkab,6728,10020,SUMATERA UTARA,TOBA SAMOSIR
10227,6728,MANDAILING NATAL,2,12,1213,121300,1213000000,mandailingnatalkab,6728,10227,SUMATERA UTARA,MANDAILING NATAL
10646,6728,NIAS SELATAN,2,12,1214,121400,1214000000,niasselatankab,6728,10646,SUMATERA UTARA,NIAS SELATAN
11022,6728,PAKPAK BHARAT,2,12,1215,121500,1215000000,pakpakbharatkab,6728,11022,SUMATERA UTARA,PAKPAK BHARAT
11083,6728,HUMBANG HASUNDUTAN,2,12,1216,121600,1216000000,humbanghasundutankab,6728,11083,SUMATERA UTARA,HUMBANG HASUNDUTAN
11247,6728,SAMOSIR,2,12,1217,121700,1217000000,samosirkab,6728,11247,SUMATERA UTARA,SAMOSIR
11374,6728,SERDANG BEDAGAI,2,12,1218,121800,1218000000,serdangbedagaikab,6728,11374,SUMATERA UTARA,SERDANG BEDAGAI
11635,6728,BATU BARA,2,12,1219,121900,1219000000,batubarakab,6728,11635,SUMATERA UTARA,BATU BARA
11743,6728,KOTA MEDAN,2,12,1271,127100,1271000000,medankota,6728,11743,SUMATERA UTARA,KOTA MEDAN
11916,6728,KOTA PEMATANGSIANTAR,2,12,1272,127200,1272000000,pematangsiantarkota,6728,11916,SUMATERA UTARA,KOTA PEMATANGSIANTAR
11978,6728,KOTA SIBOLGA,2,12,1273,127300,1273000000,sibolgakota,6728,11978,SUMATERA UTARA,KOTA SIBOLGA
12000,6728,KOTA TANJUNG BALAI,2,12,1274,127400,1274000000,tanjungbalaikota,6728,12000,SUMATERA UTARA,KOTA TANJUNG BALAI
12038,6728,KOTA BINJAI,2,12,1275,127500,1275000000,binjaikota,6728,12038,SUMATERA UTARA,KOTA BINJAI
12081,6728,KOTA TEBING TINGGI,2,12,1276,127600,1276000000,tebingtinggikota,6728,12081,SUMATERA UTARA,KOTA TEBING TINGGI
12122,6728,KOTA PADANG SIDIMPUAN,2,12,1277,127700,1277000000,padangsidempuankota,6728,12122,SUMATERA UTARA,KOTA PADANG SIDIMPUAN
12208,6728,PADANG LAWAS UTARA,2,12,1220,122000,1220000000,padanglawasutarakab,6728,12208,SUMATERA UTARA,PADANG LAWAS UTARA
12606,6728,PADANG LAWAS,2,12,1221,122100,1221000000,padanglawaskab,6728,12606,SUMATERA UTARA,PADANG LAWAS
13509,12920,PASAMAN,2,13,1308,130800,1308000000,pasamankab,12920,13509,SUMATERA BARAT,PASAMAN
12921,12920,PESISIR SELATAN,2,13,1301,130100,1301000000,pesisirselatankab,12920,12921,SUMATERA BARAT,PESISIR SELATAN
13010,12920,SOLOK,2,13,1302,130200,1302000000,solokkab,12920,13010,SUMATERA BARAT,SOLOK
13099,12920,SIJUNJUNG,2,13,1303,130300,1303000000,sijunjungkab,12920,13099,SUMATERA BARAT,SIJUNJUNG
13163,12920,TANAH DATAR,2,13,1304,130400,1304000000,tanahdatarkab,12920,13163,SUMATERA BARAT,TANAH DATAR
13253,12920,PADANG PARIAMAN,2,13,1305,130500,1305000000,padangpariamankab,12920,13253,SUMATERA BARAT,PADANG PARIAMAN
13317,12920,AGAM,2,13,1306,130600,1306000000,agamkab,12920,13317,SUMATERA BARAT,AGAM
13416,12920,LIMA PULUH KOTA,2,13,1307,130700,1307000000,limapuluhkotakab,12920,13416,SUMATERA BARAT,LIMA PULUH KOTA
13554,12920,KEPULAUAN MENTAWAI,2,13,1309,130900,1309000000,kepmentawaikab,12920,13554,SUMATERA BARAT,KEPULAUAN MENTAWAI
13608,12920,DHARMASRAYA,2,13,1310,131000,1310000000,dharmasrayakab,12920,13608,SUMATERA BARAT,DHARMASRAYA
13634,12920,SOLOK SELATAN,2,13,1311,131100,1311000000,solokselatankab,12920,13634,SUMATERA BARAT,SOLOK SELATAN
13681,12920,PASAMAN BARAT,2,13,1312,131200,1312000000,pasamanbaratkab,12920,13681,SUMATERA BARAT,PASAMAN BARAT
13712,12920,KOTA PADANG,2,13,1371,137100,1371000000,padangkota,12920,13712,SUMATERA BARAT,KOTA PADANG
13828,12920,KOTA SOLOK,2,13,1372,137200,1372000000,solokkota,12920,13828,SUMATERA BARAT,KOTA SOLOK
13844,12920,KOTA SAWAHLUNTO,2,13,1373,137300,1373000000,sawahluntokota,12920,13844,SUMATERA BARAT,KOTA SAWAHLUNTO
13886,12920,KOTA PADANG PANJANG,2,13,1374,137400,1374000000,padangpanjangkota,12920,13886,SUMATERA BARAT,KOTA PADANG PANJANG
13905,12920,KOTA BUKITTINGGI,2,13,1375,137500,1375000000,bukittinggikota,12920,13905,SUMATERA BARAT,KOTA BUKITTINGGI
13933,12920,KOTA PAYAKUMBUH,2,13,1376,137600,1376000000,payakumbuhkota,12920,13933,SUMATERA BARAT,KOTA PAYAKUMBUH
14010,12920,KOTA PARIAMAN,2,13,1377,137700,1377000000,pariamankota,12920,14010,SUMATERA BARAT,KOTA PARIAMAN
14087,14086,KEPULAUAN MERANTI,2,14,1410,141000,1410000000,merantikab,14086,14087,RIAU,KEPULAUAN MERANTI
14166,14086,KAMPAR,2,14,1401,140100,1401000000,kamparkab,14086,14166,RIAU,KAMPAR
14414,14086,INDRAGIRI HULU,2,14,1402,140200,1402000000,indragirihulukab,14086,14414,RIAU,INDRAGIRI HULU
14630,14086,BENGKALIS,2,14,1403,140300,1403000000,bengkaliskab,14086,14630,RIAU,BENGKALIS
14741,14086,INDRAGIRI HILIR,2,14,1404,140400,1404000000,indragirihilirkab,14086,14741,RIAU,INDRAGIRI HILIR
14955,14086,PELALAWAN,2,14,1405,140500,1405000000,pelalawankab,14086,14955,RIAU,PELALAWAN
15087,14086,ROKAN HULU,2,14,1406,140600,1406000000,rokanhulukab,14086,15087,RIAU,ROKAN HULU
15254,14086,ROKAN HILIR,2,14,1407,140700,1407000000,rokanhilirkab,14086,15254,RIAU,ROKAN HILIR
15412,14086,SIAK,2,14,1408,140800,1408000000,siakkab,14086,15412,RIAU,SIAK
15553,14086,KUANTAN SINGINGI,2,14,1409,140900,1409000000,kuantansingingikab,14086,15553,RIAU,KUANTAN SINGINGI
15775,14086,KOTA PEKANBARU,2,14,1471,147100,1471000000,pekanbarukota,14086,15775,RIAU,KOTA PEKANBARU
15846,14086,KOTA DUMAI,2,14,1472,147200,1472000000,dumaikota,14086,15846,RIAU,KOTA DUMAI
15886,15885,KOTA SUNGAI PENUH,2,15,1572,157200,1572000000,sungaipenuhkota,15885,15886,JAMBI,KOTA SUNGAI PENUH
15961,15885,KERINCI,2,15,1501,150100,1501000000,kerincikab,15885,15961,JAMBI,KERINCI
16183,15885,MERANGIN,2,15,1502,150200,1502000000,meranginkab,15885,16183,JAMBI,MERANGIN
16420,15885,SAROLANGUN,2,15,1503,150300,1503000000,sarolangunkab,15885,16420,JAMBI,SAROLANGUN
16576,15885,BATANGHARI,2,15,1504,150400,1504000000,batangharikab,15885,16576,JAMBI,BATANGHARI
16699,15885,MUARO JAMBI,2,15,1505,150500,1505000000,muarojambikab,15885,16699,JAMBI,MUARO JAMBI
16862,15885,TANJUNG JABUNG BARAT,2,15,1506,150600,1506000000,tanjabbarkab,15885,16862,JAMBI,TANJUNG JABUNG BARAT
16946,15885,TANJUNG JABUNG TIMUR,2,15,1507,150700,1507000000,tanjabtimkab,15885,16946,JAMBI,TANJUNG JABUNG TIMUR
17051,15885,BUNGO,2,15,1508,150800,1508000000,bungokab,15885,17051,JAMBI,BUNGO
17215,15885,TEBO,2,15,1509,150900,1509000000,tebokab,15885,17215,JAMBI,TEBO
17333,15885,KOTA JAMBI,2,15,1571,157100,1571000000,jambikota,15885,17333,JAMBI,KOTA JAMBI
17405,17404,OGAN KOMERING ULU,2,16,1601,160100,1601000000,okukab,17404,17405,SUMATERA SELATAN,OGAN KOMERING ULU
17570,17404,OGAN KOMERING ILIR,2,16,1602,160200,1602000000,okikab,17404,17570,SUMATERA SELATAN,OGAN KOMERING ILIR
17895,17404,MUARA ENIM,2,16,1603,160300,1603000000,muaraenimkab,17404,17895,SUMATERA SELATAN,MUARA ENIM
18244,17404,LAHAT,2,16,1604,160400,1604000000,lahatkab,17404,18244,SUMATERA SELATAN,LAHAT
18643,17404,MUSI RAWAS,2,16,1605,160500,1605000000,murakab,17404,18643,SUMATERA SELATAN,MUSI RAWAS
18942,17404,MUSI BANYUASIN,2,16,1606,160600,1606000000,mubakab,17404,18942,SUMATERA SELATAN,MUSI BANYUASIN
19172,17404,BANYUASIN,2,16,1607,160700,1607000000,banyuasinkab,17404,19172,SUMATERA SELATAN,BANYUASIN
19492,17404,OGAN KOMERING ULU TIMUR,2,16,1608,160800,1608000000,okutimurkab,17404,19492,SUMATERA SELATAN,OGAN KOMERING ULU TIMUR
19808,17404,OGAN KOMERING ULU SELATAN,2,16,1609,160900,1609000000,okuselatankab,17404,19808,SUMATERA SELATAN,OGAN KOMERING ULU SELATAN
20087,17404,OGAN ILIR,2,16,1610,161000,1610000000,oganilirkab,17404,20087,SUMATERA SELATAN,OGAN ILIR
20345,17404,EMPAT LAWANG,2,16,1611,161100,1611000000,empatlawangkab,17404,20345,SUMATERA SELATAN,EMPAT LAWANG
20512,17404,KOTA PALEMBANG,2,16,1671,167100,1671000000,palembangkota,17404,20512,SUMATERA SELATAN,KOTA PALEMBANG
20636,17404,KOTA PAGAR ALAM,2,16,1672,167200,1672000000,pagaralamkota,17404,20636,SUMATERA SELATAN,KOTA PAGAR ALAM
20677,17404,KOTA LUBUKLINGGAU,2,16,1673,167300,1673000000,lubuklinggaukota,17404,20677,SUMATERA SELATAN,KOTA LUBUKLINGGAU
20758,17404,KOTA PRABUMULIH,2,16,1674,167400,1674000000,prabumulihkota,17404,20758,SUMATERA SELATAN,KOTA PRABUMULIH
928069,17404,PENUKAL ABAB LEMATANG ILIR,2,16,1612,161200,1612000000,palikab,17404,928069,SUMATERA SELATAN,PENUKAL ABAB LEMATANG ILIR
928070,17404,MUSI RAWAS UTARA,2,16,1613,161300,1613000000,muratarakab,17404,928070,SUMATERA SELATAN,MUSI RAWAS UTARA
22052,20802,LEBONG,2,17,1707,170700,1707000000,lebongkab,20802,22052,BENGKULU,LEBONG
21492,20802,KAUR,2,17,1704,170400,1704000000,kaurkab,20802,21492,BENGKULU,KAUR
20803,20802,BENGKULU TENGAH,2,17,1709,170900,1709000000,bengkulutengahkab,20802,20803,BENGKULU,BENGKULU TENGAH
20923,20802,BENGKULU SELATAN,2,17,1701,170100,1701000000,bengkuluselatankab,20802,20923,BENGKULU,BENGKULU SELATAN
21093,20802,REJANG LEBONG,2,17,1702,170200,1702000000,rejanglebongkab,20802,21093,BENGKULU,REJANG LEBONG
21265,20802,BENGKULU UTARA,2,17,1703,170300,1703000000,bengkuluutarakab,20802,21265,BENGKULU,BENGKULU UTARA
21702,20802,SELUMA,2,17,1705,170500,1705000000,selumakab,20802,21702,BENGKULU,SELUMA
21885,20802,MUKOMUKO,2,17,1706,170600,1706000000,mukomukokab,20802,21885,BENGKULU,MUKOMUKO
22135,20802,KEPAHIANG,2,17,1708,170800,1708000000,kepahiangkab,20802,22135,BENGKULU,KEPAHIANG
22252,20802,KOTA BENGKULU,2,17,1771,177100,1771000000,bengkulukota,20802,22252,BENGKULU,KOTA BENGKULU
22329,22328,PRINGSEWU,2,18,1810,181000,1810000000,pringsewukab,22328,22329,LAMPUNG,PRINGSEWU
22439,22328,MESUJI,2,18,1811,181100,1811000000,mesujikab,22328,22439,LAMPUNG,MESUJI
22522,22328,TULANG BAWANG BARAT,2,18,1812,181200,1812000000,tulangbawangbaratkab,22328,22522,LAMPUNG,TULANG BAWANG BARAT
22605,22328,LAMPUNG SELATAN,2,18,1801,180100,1801000000,lampungselatankab,22328,22605,LAMPUNG,LAMPUNG SELATAN
22875,22328,LAMPUNG TENGAH,2,18,1802,180200,1802000000,lampungtengahkab,22328,22875,LAMPUNG,LAMPUNG TENGAH
23189,22328,LAMPUNG UTARA,2,18,1803,180300,1803000000,lampungutarakab,22328,23189,LAMPUNG,LAMPUNG UTARA
23460,22328,LAMPUNG BARAT,2,18,1804,180400,1804000000,lampungbaratkab,22328,23460,LAMPUNG,LAMPUNG BARAT
23737,22328,TULANG BAWANG,2,18,1805,180500,1805000000,tulangbawangkab,22328,23737,LAMPUNG,TULANG BAWANG
23903,22328,TANGGAMUS,2,18,1806,180600,1806000000,tanggamuskab,22328,23903,LAMPUNG,TANGGAMUS
24202,22328,LAMPUNG TIMUR,2,18,1807,180700,1807000000,lampungtimurkab,22328,24202,LAMPUNG,LAMPUNG TIMUR
24484,22328,WAY KANAN,2,18,1808,180800,1808000000,waykanankab,22328,24484,LAMPUNG,WAY KANAN
24709,22328,KOTA BANDAR LAMPUNG,2,18,1871,187100,1871000000,bandarlampungkota,22328,24709,LAMPUNG,KOTA BANDAR LAMPUNG
24822,22328,KOTA METRO,2,18,1872,187200,1872000000,metrokota,22328,24822,LAMPUNG,KOTA METRO
24850,22328,PESAWARAN,2,18,1809,180900,1809000000,pesawarankab,22328,24850,LAMPUNG,PESAWARAN
928071,22328,PESISIR BARAT,2,18,1813,181300,1813000000,pesisirbaratkab,22328,928071,LAMPUNG,PESISIR BARAT
25406,25405,KOTA TANJUNGPINANG,2,21,2172,217200,2172000000,tanjungpinangkota,25405,25406,KEPULAUAN RIAU,KOTA TANJUNGPINANG
25429,25405,KEPULAUAN ANAMBAS,2,21,2105,210500,2105000000,kepanambaskab,25405,25429,KEPULAUAN RIAU,KEPULAUAN ANAMBAS
25471,25405,BINTAN,2,21,2101,210100,2101000000,bintankab,25405,25471,KEPULAUAN RIAU,BINTAN
25533,25405,KARIMUN,2,21,2102,210200,2102000000,karimunkab,25405,25533,KEPULAUAN RIAU,KARIMUN
25597,25405,NATUNA,2,21,2103,210300,2103000000,natunakab,25405,25597,KEPULAUAN RIAU,NATUNA
25683,25405,LINGGA,2,21,2104,210400,2104000000,linggakab,25405,25683,KEPULAUAN RIAU,LINGGA
25746,25405,KOTA BATAM,2,21,2171,217100,2171000000,batamkota,25405,25746,KEPULAUAN RIAU,KOTA BATAM
26142,26141,BOGOR,2,32,3201,320100,3201000000,bogorkab,26141,26142,JAWA BARAT,BOGOR
26611,26141,SUKABUMI,2,32,3202,320200,3202000000,sukabumikab,26141,26611,JAWA BARAT,SUKABUMI
27026,26141,CIANJUR,2,32,3203,320300,3203000000,cianjurkab,26141,27026,JAWA BARAT,CIANJUR
27407,26141,BANDUNG,2,32,3204,320400,3204000000,bandungkab,26141,27407,JAWA BARAT,BANDUNG
27714,26141,GARUT,2,32,3205,320500,3205000000,garutkab,26141,27714,JAWA BARAT,GARUT
28182,26141,TASIKMALAYA,2,32,3206,320600,3206000000,tasikmalayakab,26141,28182,JAWA BARAT,TASIKMALAYA
28573,26141,CIAMIS,2,32,3207,320700,3207000000,ciamiskab,26141,28573,JAWA BARAT,CIAMIS
28960,26141,KUNINGAN,2,32,3208,320800,3208000000,kuningankab,26141,28960,JAWA BARAT,KUNINGAN
29369,26141,CIREBON,2,32,3209,320900,3209000000,cirebonkab,26141,29369,JAWA BARAT,CIREBON
29834,26141,MAJALENGKA,2,32,3210,321000,3210000000,majalengkakab,26141,29834,JAWA BARAT,MAJALENGKA
30197,26141,SUMEDANG,2,32,3211,321100,3211000000,sumedangkab,26141,30197,JAWA BARAT,SUMEDANG
30503,26141,INDRAMAYU,2,32,3212,321200,3212000000,indramayukab,26141,30503,JAWA BARAT,INDRAMAYU
30851,26141,SUBANG,2,32,3213,321300,3213000000,subangkab,26141,30851,JAWA BARAT,SUBANG
31135,26141,PURWAKARTA,2,32,3214,321400,3214000000,purwakartakab,26141,31135,JAWA BARAT,PURWAKARTA
31345,26141,KARAWANG,2,32,3215,321500,3215000000,karawangkab,26141,31345,JAWA BARAT,KARAWANG
31685,26141,BEKASI,2,32,3216,321600,3216000000,bekasikab,26141,31685,JAWA BARAT,BEKASI
31896,26141,BANDUNG BARAT,2,32,3217,321700,3217000000,bandungbaratkab,26141,31896,JAWA BARAT,BANDUNG BARAT
32077,26141,KOTA BOGOR,2,32,3271,327100,3271000000,bogorkota,26141,32077,JAWA BARAT,KOTA BOGOR
32152,26141,KOTA SUKABUMI,2,32,3272,327200,3272000000,sukabumikota,26141,32152,JAWA BARAT,KOTA SUKABUMI
32193,26141,KOTA BANDUNG,2,32,3273,327300,3273000000,bandungkota,26141,32193,JAWA BARAT,KOTA BANDUNG
32375,26141,KOTA CIREBON,2,32,3274,327400,3274000000,cirebonkota,26141,32375,JAWA BARAT,KOTA CIREBON
32403,26141,KOTA BEKASI,2,32,3275,327500,3275000000,bekasikota,26141,32403,JAWA BARAT,KOTA BEKASI
32472,26141,KOTA DEPOK,2,32,3276,327600,3276000000,depokkota,26141,32472,JAWA BARAT,KOTA DEPOK
32547,26141,KOTA CIMAHI,2,32,3277,327700,3277000000,cimahikota,26141,32547,JAWA BARAT,KOTA CIMAHI
32566,26141,KOTA TASIKMALAYA,2,32,3278,327800,3278000000,tasikmalayakota,26141,32566,JAWA BARAT,KOTA TASIKMALAYA
32646,26141,KOTA BANJAR,2,32,3279,327900,3279000000,banjarkota,26141,32646,JAWA BARAT,KOTA BANJAR
927964,26141,PANGANDARAN,2,32,3218,321800,3218000000,pangandarankab,26141,927964,JAWA BARAT,PANGANDARAN
24994,24993,BANGKA,2,19,1901,190100,1901000000,bangkakab,24993,24994,KEPULAUAN BANGKA BELITUNG,BANGKA
25072,24993,BELITUNG,2,19,1902,190200,1902000000,belitungkab,24993,25072,KEPULAUAN BANGKA BELITUNG,BELITUNG
25120,24993,BANGKA SELATAN,2,19,1903,190300,1903000000,bangkaselatankab,24993,25120,KEPULAUAN BANGKA BELITUNG,BANGKA SELATAN
25181,24993,BANGKA TENGAH,2,19,1904,190400,1904000000,bangkatengahkab,24993,25181,KEPULAUAN BANGKA BELITUNG,BANGKA TENGAH
25245,24993,BANGKA BARAT,2,19,1905,190500,1905000000,bangkabaratkab,24993,25245,KEPULAUAN BANGKA BELITUNG,BANGKA BARAT
25316,24993,BELITUNG TIMUR,2,19,1906,190600,1906000000,belitungtimurkab,24993,25316,KEPULAUAN BANGKA BELITUNG,BELITUNG TIMUR
25363,24993,KOTA PANGKALPINANG,2,19,1971,197100,1971000000,pangkalpinangkota,24993,25363,KEPULAUAN BANGKA BELITUNG,KOTA PANGKALPINANG
25824,25823,KEPULAUAN SERIBU,2,31,3101,310100,3101000000,kepseribukab,25823,25824,DKI JAKARTA,KEPULAUAN SERIBU
25833,25823,JAKARTA PUSAT,2,31,3171,317100,3171000000,jakpuskota,25823,25833,DKI JAKARTA,JAKARTA PUSAT
25886,25823,JAKARTA UTARA,2,31,3172,317200,3172000000,jakutkota,25823,25886,DKI JAKARTA,JAKARTA UTARA
25924,25823,JAKARTA BARAT,2,31,3173,317300,3173000000,jakbarkota,25823,25924,DKI JAKARTA,JAKARTA BARAT
25989,25823,JAKARTA SELATAN,2,31,3174,317400,3174000000,jakselkota,25823,25989,DKI JAKARTA,JAKARTA SELATAN
26065,25823,JAKARTA TIMUR,2,31,3175,317500,3175000000,jaktimkota,25823,26065,DKI JAKARTA,JAKARTA TIMUR
32677,32676,CILACAP,2,33,3301,330100,3301000000,cilacapkab,32676,32677,JAWA TENGAH,CILACAP
32986,32676,BANYUMAS,2,33,3302,330200,3302000000,banyumaskab,32676,32986,JAWA TENGAH,BANYUMAS
33345,32676,PURBALINGGA,2,33,3303,330300,3303000000,purbalinggakab,32676,33345,JAWA TENGAH,PURBALINGGA
33603,32676,BANJARNEGARA,2,33,3304,330400,3304000000,banjarnegarakab,32676,33603,JAWA TENGAH,BANJARNEGARA
33902,32676,KEBUMEN,2,33,3305,330500,3305000000,kebumenkab,32676,33902,JAWA TENGAH,KEBUMEN
34389,32676,PURWOREJO,2,33,3306,330600,3306000000,purworejokab,32676,34389,JAWA TENGAH,PURWOREJO
34900,32676,WONOSOBO,2,33,3307,330700,3307000000,wonosobokab,32676,34900,JAWA TENGAH,WONOSOBO
35181,32676,MAGELANG,2,33,3308,330800,3308000000,magelangkab,32676,35181,JAWA TENGAH,MAGELANG
35575,32676,BOYOLALI,2,33,3309,330900,3309000000,boyolalikab,32676,35575,JAWA TENGAH,BOYOLALI
35862,32676,KLATEN,2,33,3310,331000,3310000000,klatenkab,32676,35862,JAWA TENGAH,KLATEN
36290,32676,SUKOHARJO,2,33,3311,331100,3311000000,sukoharjokab,32676,36290,JAWA TENGAH,SUKOHARJO
36470,32676,WONOGIRI,2,33,3312,331200,3312000000,wonogirikab,32676,36470,JAWA TENGAH,WONOGIRI
36790,32676,KARANGANYAR,2,33,3313,331300,3313000000,karanganyarkab,32676,36790,JAWA TENGAH,KARANGANYAR
36985,32676,SRAGEN,2,33,3314,331400,3314000000,sragenkab,32676,36985,JAWA TENGAH,SRAGEN
37214,32676,GROBOGAN,2,33,3315,331500,3315000000,grobogankab,32676,37214,JAWA TENGAH,GROBOGAN
37514,32676,BLORA,2,33,3316,331600,3316000000,blorakab,32676,37514,JAWA TENGAH,BLORA
37826,32676,REMBANG,2,33,3317,331700,3317000000,rembangkab,32676,37826,JAWA TENGAH,REMBANG
38136,32676,PATI,2,33,3318,331800,3318000000,patikab,32676,38136,JAWA TENGAH,PATI
38564,32676,KUDUS,2,33,3319,331900,3319000000,kuduskab,32676,38564,JAWA TENGAH,KUDUS
38706,32676,JEPARA,2,33,3320,332000,3320000000,jeparakab,32676,38706,JAWA TENGAH,JEPARA
38917,32676,DEMAK,2,33,3321,332100,3321000000,demakkab,32676,38917,JAWA TENGAH,DEMAK
39181,32676,SEMARANG,2,33,3322,332200,3322000000,semarangkab,32676,39181,JAWA TENGAH,SEMARANG
39436,32676,TEMANGGUNG,2,33,3323,332300,3323000000,temanggungkab,32676,39436,JAWA TENGAH,TEMANGGUNG
39746,32676,KENDAL,2,33,3324,332400,3324000000,kendalkab,32676,39746,JAWA TENGAH,KENDAL
40053,32676,BATANG,2,33,3325,332500,3325000000,batangkab,32676,40053,JAWA TENGAH,BATANG
40317,32676,PEKALONGAN,2,33,3326,332600,3326000000,pekalongankab,32676,40317,JAWA TENGAH,PEKALONGAN
40622,32676,PEMALANG,2,33,3327,332700,3327000000,pemalangkab,32676,40622,JAWA TENGAH,PEMALANG
40859,32676,TEGAL,2,33,3328,332800,3328000000,tegalkab,32676,40859,JAWA TENGAH,TEGAL
41165,32676,BREBES,2,33,3329,332900,3329000000,brebeskab,32676,41165,JAWA TENGAH,BREBES
41480,32676,KOTA MAGELANG,2,33,3371,337100,3371000000,magelangkota,32676,41480,JAWA TENGAH,KOTA MAGELANG
41501,32676,KOTA SURAKARTA,2,33,3372,337200,3372000000,surakartakota,32676,41501,JAWA TENGAH,KOTA SURAKARTA
41558,32676,KOTA SALATIGA,2,33,3373,337300,3373000000,salatigakota,32676,41558,JAWA TENGAH,KOTA SALATIGA
41585,32676,KOTA SEMARANG,2,33,3374,337400,3374000000,semarangkota,32676,41585,JAWA TENGAH,KOTA SEMARANG
41779,32676,KOTA PEKALONGAN,2,33,3375,337500,3375000000,pekalongankota,32676,41779,JAWA TENGAH,KOTA PEKALONGAN
41831,32676,KOTA TEGAL,2,33,3376,337600,3376000000,tegalkota,32676,41831,JAWA TENGAH,KOTA TEGAL
41864,41863,KULON PROGO,2,34,3401,340100,3401000000,kulonprogokab,41863,41864,DAERAH ISTIMEWA YOGYAKARTA,KULON PROGO
41965,41863,BANTUL,2,34,3402,340200,3402000000,bantulkab,41863,41965,DAERAH ISTIMEWA YOGYAKARTA,BANTUL
42058,41863,GUNUNGKIDUL,2,34,3403,340300,3403000000,gunungkidulkab,41863,42058,DAERAH ISTIMEWA YOGYAKARTA,GUNUNGKIDUL
42221,41863,SLEMAN,2,34,3404,340400,3404000000,slemankab,41863,42221,DAERAH ISTIMEWA YOGYAKARTA,SLEMAN
42325,41863,KOTA YOGYAKARTA,2,34,3471,347100,3471000000,yogyakartakota,41863,42325,DAERAH ISTIMEWA YOGYAKARTA,KOTA YOGYAKARTA
51145,42385,KOTA BLITAR,2,35,3572,357200,3572000000,blitarkota,42385,51145,JAWA TIMUR,KOTA BLITAR
42386,42385,PACITAN,2,35,3501,350100,3501000000,pacitankab,42385,42386,JAWA TIMUR,PACITAN
42570,42385,PONOROGO,2,35,3502,350200,3502000000,ponorogokab,42385,42570,JAWA TIMUR,PONOROGO
42897,42385,TRENGGALEK,2,35,3503,350300,3503000000,trenggalekkab,42385,42897,JAWA TIMUR,TRENGGALEK
43069,42385,TULUNGAGUNG,2,35,3504,350400,3504000000,tulungagungkab,42385,43069,JAWA TIMUR,TULUNGAGUNG
43360,42385,BLITAR,2,35,3505,350500,3505000000,blitarkab,42385,43360,JAWA TIMUR,BLITAR
43630,42385,KEDIRI,2,35,3506,350600,3506000000,kedirikab,42385,43630,JAWA TIMUR,KEDIRI
43993,42385,MALANG,2,35,3507,350700,3507000000,malangkab,42385,43993,JAWA TIMUR,MALANG
44417,42385,LUMAJANG,2,35,3508,350800,3508000000,lumajangkab,42385,44417,JAWA TIMUR,LUMAJANG
44643,42385,JEMBER,2,35,3509,350900,3509000000,jemberkab,42385,44643,JAWA TIMUR,JEMBER
44923,42385,BANYUWANGI,2,35,3510,351000,3510000000,banyuwangikab,42385,44923,JAWA TIMUR,BANYUWANGI
45165,42385,BONDOWOSO,2,35,3511,351100,3511000000,bondowosokab,42385,45165,JAWA TIMUR,BONDOWOSO
45407,42385,SITUBONDO,2,35,3512,351200,3512000000,situbondokab,42385,45407,JAWA TIMUR,SITUBONDO
45561,42385,PROBOLINGGO,2,35,3513,351300,3513000000,probolinggokab,42385,45561,JAWA TIMUR,PROBOLINGGO
45916,42385,PASURUAN,2,35,3514,351400,3514000000,pasuruankab,42385,45916,JAWA TIMUR,PASURUAN
46306,42385,SIDOARJO,2,35,3515,351500,3515000000,sidoarjokab,42385,46306,JAWA TIMUR,SIDOARJO
46678,42385,MOJOKERTO,2,35,3516,351600,3516000000,mojokertokab,42385,46678,JAWA TIMUR,MOJOKERTO
47001,42385,JOMBANG,2,35,3517,351700,3517000000,jombangkab,42385,47001,JAWA TIMUR,JOMBANG
47329,42385,NGANJUK,2,35,3518,351800,3518000000,nganjukkab,42385,47329,JAWA TIMUR,NGANJUK
47634,42385,MADIUN,2,35,3519,351900,3519000000,madiunkab,42385,47634,JAWA TIMUR,MADIUN
47856,42385,MAGETAN,2,35,3520,352000,3520000000,magetankab,42385,47856,JAWA TIMUR,MAGETAN
48110,42385,NGAWI,2,35,3521,352100,3521000000,ngawikab,42385,48110,JAWA TIMUR,NGAWI
48347,42385,BOJONEGORO,2,35,3522,352200,3522000000,bojonegorokab,42385,48347,JAWA TIMUR,BOJONEGORO
48805,42385,TUBAN,2,35,3523,352300,3523000000,tubankab,42385,48805,JAWA TIMUR,TUBAN
49154,42385,LAMONGAN,2,35,3524,352400,3524000000,lamongankab,42385,49154,JAWA TIMUR,LAMONGAN
49656,42385,GRESIK,2,35,3525,352500,3525000000,gresikkab,42385,49656,JAWA TIMUR,GRESIK
50031,42385,BANGKALAN,2,35,3526,352600,3526000000,bangkalankab,42385,50031,JAWA TIMUR,BANGKALAN
50331,42385,SAMPANG,2,35,3527,352700,3527000000,sampangkab,42385,50331,JAWA TIMUR,SAMPANG
50532,42385,PAMEKASAN,2,35,3528,352800,3528000000,pamekasankab,42385,50532,JAWA TIMUR,PAMEKASAN
50735,42385,SUMENEP,2,35,3529,352900,3529000000,sumenepkab,42385,50735,JAWA TIMUR,SUMENEP
51095,42385,KOTA KEDIRI,2,35,3571,357100,3571000000,kedirikota,42385,51095,JAWA TIMUR,KOTA KEDIRI
51170,42385,KOTA MALANG,2,35,3573,357300,3573000000,malangkota,42385,51170,JAWA TIMUR,KOTA MALANG
51233,42385,KOTA PROBOLINGGO,2,35,3574,357400,3574000000,probolinggokota,42385,51233,JAWA TIMUR,KOTA PROBOLINGGO
51268,42385,KOTA PASURUAN,2,35,3575,357500,3575000000,pasuruankota,42385,51268,JAWA TIMUR,KOTA PASURUAN
51306,42385,KOTA MOJOKERTO,2,35,3576,357600,3576000000,mojokertokota,42385,51306,JAWA TIMUR,KOTA MOJOKERTO
51327,42385,KOTA MADIUN,2,35,3577,357700,3577000000,madiunkota,42385,51327,JAWA TIMUR,KOTA MADIUN
51358,42385,KOTA SURABAYA,2,35,3578,357800,3578000000,surabayakota,42385,51358,JAWA TIMUR,KOTA SURABAYA
51550,42385,KOTA BATU,2,35,3579,357900,3579000000,batukota,42385,51550,JAWA TIMUR,KOTA BATU
51579,51578,PANDEGLANG,2,36,3601,360100,3601000000,pandeglangkab,51578,51579,BANTEN,PANDEGLANG
51913,51578,LEBAK,2,36,3602,360200,3602000000,lebakkab,51578,51913,BANTEN,LEBAK
52287,51578,TANGERANG,2,36,3603,360300,3603000000,tangerangkab,51578,52287,BANTEN,TANGERANG
52593,51578,SERANG,2,36,3604,360400,3604000000,serangkab,51578,52593,BANTEN,SERANG
52936,51578,KOTA TANGERANG,2,36,3671,367100,3671000000,tangerangkota,51578,52936,BANTEN,KOTA TANGERANG
53054,51578,KOTA CILEGON,2,36,3672,367200,3672000000,cilegonkota,51578,53054,BANTEN,KOTA CILEGON
53106,51578,KOTA SERANG,2,36,3673,367300,3673000000,serangkota,51578,53106,BANTEN,KOTA SERANG
53179,51578,KOTA TANGERANG SELATAN,2,36,3674,367400,3674000000,tangselkota,51578,53179,BANTEN,KOTA TANGERANG SELATAN
53242,53241,JEMBRANA,2,51,5101,510100,5101000000,jembranakab,53241,53242,BALI,JEMBRANA
53299,53241,TABANAN,2,51,5102,510200,5102000000,tabanankab,53241,53299,BALI,TABANAN
53439,53241,BADUNG,2,51,5103,510300,5103000000,badungkab,53241,53439,BALI,BADUNG
53508,53241,GIANYAR,2,51,5104,510400,5104000000,gianyarkab,53241,53508,BALI,GIANYAR
53586,53241,KLUNGKUNG,2,51,5105,510500,5105000000,klungkungkab,53241,53586,BALI,KLUNGKUNG
53650,53241,BANGLI,2,51,5106,510600,5106000000,banglikab,53241,53650,BALI,BANGLI
53727,53241,KARANGASEM,2,51,5107,510700,5107000000,karangasemkab,53241,53727,BALI,KARANGASEM
53814,53241,BULELENG,2,51,5108,510800,5108000000,bulelengkab,53241,53814,BALI,BULELENG
53972,53241,KOTA DENPASAR,2,51,5171,517100,5171000000,denpasarkota,53241,53972,BALI,KOTA DENPASAR
54021,54020,LOMBOK BARAT,2,52,5201,520100,5201000000,lombokbaratkab,54020,54021,NUSA TENGGARA BARAT,LOMBOK BARAT
54123,54020,LOMBOK TENGAH,2,52,5202,520200,5202000000,lomboktengahkab,54020,54123,NUSA TENGGARA BARAT,LOMBOK TENGAH
54260,54020,LOMBOK TIMUR,2,52,5203,520300,5203000000,lomboktimurkab,54020,54260,NUSA TENGGARA BARAT,LOMBOK TIMUR
54400,54020,SUMBAWA,2,52,5204,520400,5204000000,sumbawakab,54020,54400,NUSA TENGGARA BARAT,SUMBAWA
54590,54020,DOMPU,2,52,5205,520500,5205000000,dompukab,54020,54590,NUSA TENGGARA BARAT,DOMPU
54666,54020,BIMA,2,52,5206,520600,5206000000,bimakab,54020,54666,NUSA TENGGARA BARAT,BIMA
54853,54020,SUMBAWA BARAT,2,52,5207,520700,5207000000,sumbawabaratkab,54020,54853,NUSA TENGGARA BARAT,SUMBAWA BARAT
54925,54020,KOTA MATARAM,2,52,5271,527100,5271000000,mataramkota,54020,54925,NUSA TENGGARA BARAT,KOTA MATARAM
54982,54020,KOTA BIMA,2,52,5272,527200,5272000000,bimakota,54020,54982,NUSA TENGGARA BARAT,KOTA BIMA
55026,54020,LOMBOK UTARA,2,52,5208,520800,5208000000,lombokutarakab,54020,55026,NUSA TENGGARA BARAT,LOMBOK UTARA
55066,55065,KUPANG,2,53,5301,530100,5301000000,kupangkab,55065,55066,NUSA TENGGARA TIMUR,KUPANG
55347,55065,TIMOR TENGAH SELATAN,2,53,5302,530200,5302000000,ttskab,55065,55347,NUSA TENGGARA TIMUR,TIMOR TENGAH SELATAN
55620,55065,TIMOR TENGAH UTARA,2,53,5303,530300,5303000000,ttukab,55065,55620,NUSA TENGGARA TIMUR,TIMOR TENGAH UTARA
55819,55065,BELU,2,53,5304,530400,5304000000,belukab,55065,55819,NUSA TENGGARA TIMUR,BELU
56051,55065,ALOR,2,53,5305,530500,5305000000,alorkab,55065,56051,NUSA TENGGARA TIMUR,ALOR
56244,55065,FLORES TIMUR,2,53,5306,530600,5306000000,florestimurkab,55065,56244,NUSA TENGGARA TIMUR,FLORES TIMUR
56489,55065,SIKKA,2,53,5307,530700,5307000000,sikkakab,55065,56489,NUSA TENGGARA TIMUR,SIKKA
56671,55065,ENDE,2,53,5308,530800,5308000000,endekab,55065,56671,NUSA TENGGARA TIMUR,ENDE
56904,55065,NGADA,2,53,5309,530900,5309000000,ngadakab,55065,56904,NUSA TENGGARA TIMUR,NGADA
57008,55065,MANGGARAI,2,53,5310,531000,5310000000,manggaraikab,55065,57008,NUSA TENGGARA TIMUR,MANGGARAI
57167,55065,SUMBA TIMUR,2,53,5311,531100,5311000000,sumbatimurkab,55065,57167,NUSA TENGGARA TIMUR,SUMBA TIMUR
57346,55065,SUMBA BARAT,2,53,5312,531200,5312000000,sumbabaratkab,55065,57346,NUSA TENGGARA TIMUR,SUMBA BARAT
57406,55065,LEMBATA,2,53,5313,531300,5313000000,lembatakab,55065,57406,NUSA TENGGARA TIMUR,LEMBATA
57560,55065,ROTE NDAO,2,53,5314,531400,5314000000,rotendaokab,55065,57560,NUSA TENGGARA TIMUR,ROTE NDAO
57649,55065,MANGGARAI BARAT,2,53,5315,531500,5315000000,manggaraibaratkab,55065,57649,NUSA TENGGARA TIMUR,MANGGARAI BARAT
57778,55065,NAGEKEO,2,53,5316,531600,5316000000,nagekeokab,55065,57778,NUSA TENGGARA TIMUR,NAGEKEO
57886,55065,SUMBA TENGAH,2,53,5317,531700,5317000000,sumbatengahkab,55065,57886,NUSA TENGGARA TIMUR,SUMBA TENGAH
57935,55065,SUMBA BARAT DAYA,2,53,5318,531800,5318000000,sumbabaratdayakab,55065,57935,NUSA TENGGARA TIMUR,SUMBA BARAT DAYA
58040,55065,KOTA KUPANG,2,53,5371,537100,5371000000,kupangkota,55065,58040,NUSA TENGGARA TIMUR,KOTA KUPANG
58098,55065,MANGGARAI TIMUR,2,53,5319,531900,5319000000,manggaraitimurkab,55065,58098,NUSA TENGGARA TIMUR,MANGGARAI TIMUR
58219,55065,SABU RAIJUA,2,53,5320,532000,5320000000,saburaijuakab,55065,58219,NUSA TENGGARA TIMUR,SABU RAIJUA
928072,55065,MALAKA,2,53,5321,532100,5321000000,malakakab,55065,928072,NUSA TENGGARA TIMUR,MALAKA
58286,58285,SAMBAS,2,61,6101,610100,6101000000,sambaskab,58285,58286,KALIMANTAN BARAT,SAMBAS
58490,58285,MEMPAWAH,2,61,6102,610200,6102000000,pontianakkab,58285,58490,KALIMANTAN BARAT,MEMPAWAH
58567,58285,SANGGAU,2,61,6103,610300,6103000000,sanggaukab,58285,58567,KALIMANTAN BARAT,SANGGAU
58749,58285,KETAPANG,2,61,6104,610400,6104000000,ketapangkab,58285,58749,KALIMANTAN BARAT,KETAPANG
59018,58285,SINTANG,2,61,6105,610500,6105000000,sintangkab,58285,59018,KALIMANTAN BARAT,SINTANG
59320,58285,KAPUAS HULU,2,61,6106,610600,6106000000,kapuashulukab,58285,59320,KALIMANTAN BARAT,KAPUAS HULU
59557,58285,BENGKAYANG,2,61,6107,610700,6107000000,bengkayangkab,58285,59557,KALIMANTAN BARAT,BENGKAYANG
59699,58285,LANDAK,2,61,6108,610800,6108000000,landakkab,58285,59699,KALIMANTAN BARAT,LANDAK
59869,58285,SEKADAU,2,61,6109,610900,6109000000,sekadaukab,58285,59869,KALIMANTAN BARAT,SEKADAU
59953,58285,MELAWI,2,61,6110,611000,6110000000,melawikab,58285,59953,KALIMANTAN BARAT,MELAWI
60134,58285,KAYONG UTARA,2,61,6111,611100,6111000000,kayongutarakab,58285,60134,KALIMANTAN BARAT,KAYONG UTARA
60183,58285,KOTA PONTIANAK,2,61,6171,617100,6171000000,pontianakkota,58285,60183,KALIMANTAN BARAT,KOTA PONTIANAK
60223,58285,KOTA SINGKAWANG,2,61,6172,617200,6172000000,singkawangkota,58285,60223,KALIMANTAN BARAT,KOTA SINGKAWANG
60255,58285,KUBU RAYA,2,61,6112,611200,6112000000,kuburayakab,58285,60255,KALIMANTAN BARAT,KUBU RAYA
60653,60371,KAPUAS,2,62,6203,620300,6203000000,kapuaskab,60371,60653,KALIMANTAN TENGAH,KAPUAS
60372,60371,KOTAWARINGIN BARAT,2,62,6201,620100,6201000000,kotawaringinbaratkab,60371,60372,KALIMANTAN TENGAH,KOTAWARINGIN BARAT
60468,60371,KOTAWARINGIN TIMUR,2,62,6202,620200,6202000000,kotawaringintimurkab,60371,60468,KALIMANTAN TENGAH,KOTAWARINGIN TIMUR
60867,60371,BARITO SELATAN,2,62,6204,620400,6204000000,baritoselatankab,60371,60867,KALIMANTAN TENGAH,BARITO SELATAN
60967,60371,BARITO UTARA,2,62,6205,620500,6205000000,baritoutarakab,60371,60967,KALIMANTAN TENGAH,BARITO UTARA
61077,60371,KATINGAN,2,62,6206,620600,6206000000,katingankab,60371,61077,KALIMANTAN TENGAH,KATINGAN
61251,60371,SERUYAN,2,62,6207,620700,6207000000,seruyankab,60371,61251,KALIMANTAN TENGAH,SERUYAN
61362,60371,SUKAMARA,2,62,6208,620800,6208000000,sukamarakab,60371,61362,KALIMANTAN TENGAH,SUKAMARA
61400,60371,LAMANDAU,2,62,6209,620900,6209000000,lamandaukab,60371,61400,KALIMANTAN TENGAH,LAMANDAU
61492,60371,GUNUNG MAS,2,62,6210,621000,6210000000,gunungmaskab,60371,61492,KALIMANTAN TENGAH,GUNUNG MAS
61614,60371,PULANG PISAU,2,62,6211,621100,6211000000,pulangpisaukab,60371,61614,KALIMANTAN TENGAH,PULANG PISAU
61711,60371,MURUNG RAYA,2,62,6212,621200,6212000000,murungrayakab,60371,61711,KALIMANTAN TENGAH,MURUNG RAYA
61846,60371,BARITO TIMUR,2,62,6213,621300,6213000000,baritotimurkab,60371,61846,KALIMANTAN TENGAH,BARITO TIMUR
61929,60371,KOTA PALANGKARAYA,2,62,6271,627100,6271000000,palangkarayakota,60371,61929,KALIMANTAN TENGAH,KOTA PALANGKARAYA
61966,61965,TANAH LAUT,2,63,6301,630100,6301000000,tanahlautkab,61965,61966,KALIMANTAN SELATAN,TANAH LAUT
62112,61965,KOTABARU,2,63,6302,630200,6302000000,kotabarukab,61965,62112,KALIMANTAN SELATAN,KOTABARU
62333,61965,BANJAR,2,63,6303,630300,6303000000,banjarkab,61965,62333,KALIMANTAN SELATAN,BANJAR
62643,61965,BARITO KUALA,2,63,6304,630400,6304000000,baritokualakab,61965,62643,KALIMANTAN SELATAN,BARITO KUALA
62861,61965,TAPIN,2,63,6305,630500,6305000000,tapinkab,61965,62861,KALIMANTAN SELATAN,TAPIN
63007,61965,HULU SUNGAI SELATAN,2,63,6306,630600,6306000000,hulusungaiselatankab,61965,63007,KALIMANTAN SELATAN,HULU SUNGAI SELATAN
63167,61965,HULU SUNGAI TENGAH,2,63,6307,630700,6307000000,hulusungaitengahkab,61965,63167,KALIMANTAN SELATAN,HULU SUNGAI TENGAH
63348,61965,HULU SUNGAI UTARA,2,63,6308,630800,6308000000,hulusungaiutarakab,61965,63348,KALIMANTAN SELATAN,HULU SUNGAI UTARA
63578,61965,TABALONG,2,63,6309,630900,6309000000,tabalongkab,61965,63578,KALIMANTAN SELATAN,TABALONG
63722,61965,TANAH BUMBU,2,63,6310,631000,6310000000,tanahbumbukab,61965,63722,KALIMANTAN SELATAN,TANAH BUMBU
63866,61965,BALANGAN,2,63,6311,631100,6311000000,balangankab,61965,63866,KALIMANTAN SELATAN,BALANGAN
64027,61965,KOTA BANJARMASIN,2,63,6371,637100,6371000000,banjarmasinkota,61965,64027,KALIMANTAN SELATAN,KOTA BANJARMASIN
64085,61965,KOTA BANJARBARU,2,63,6372,637200,6372000000,banjarbarukota,61965,64085,KALIMANTAN SELATAN,KOTA BANJARBARU
64112,64111,PASER,2,64,6401,640100,6401000000,paserkab,64111,64112,KALIMANTAN TIMUR,PASER
64248,64111,KUTAI KARTANEGARA,2,64,6402,640200,6402000000,kutaikertanegarakab,64111,64248,KALIMANTAN TIMUR,KUTAI KARTANEGARA
64496,64111,BERAU,2,64,6403,640300,6403000000,beraukab,64111,64496,KALIMANTAN TIMUR,BERAU
65069,64111,KUTAI BARAT,2,64,6407,640700,6407000000,kutaibaratkab,64111,65069,KALIMANTAN TIMUR,KUTAI BARAT
65315,64111,KUTAI TIMUR,2,64,6408,640800,6408000000,kutaitimurkab,64111,65315,KALIMANTAN TIMUR,KUTAI TIMUR
65469,64111,PENAJAM PASER UTARA,2,64,6409,640900,6409000000,penajampaserutarakab,64111,65469,KALIMANTAN TIMUR,PENAJAM PASER UTARA
65528,64111,KOTA BALIKPAPAN,2,64,6471,647100,6471000000,balikpapankota,64111,65528,KALIMANTAN TIMUR,KOTA BALIKPAPAN
65567,64111,KOTA SAMARINDA,2,64,6472,647200,6472000000,samarindakota,64111,65567,KALIMANTAN TIMUR,KOTA SAMARINDA
65656,64111,KOTA BONTANG,2,64,6474,647400,6474000000,bontangkota,64111,65656,KALIMANTAN TIMUR,KOTA BONTANG
928073,64111,MAHAKAM ULU,2,64,6411,641100,6411000000,mahakamulukab,64111,928073,KALIMANTAN TIMUR,MAHAKAM ULU
65703,65702,BOLAANG MONGONDOW TIMUR,2,71,7110,711000,7110000000,bolmongtimkab,65702,65703,SULAWESI UTARA,BOLAANG MONGONDOW TIMUR
65760,65702,BOLAANG MONGONDOW SELATAN,2,71,7111,711100,7111000000,bolmongselkab,65702,65760,SULAWESI UTARA,BOLAANG MONGONDOW SELATAN
65822,65702,BOLAANG MONGONDOW,2,71,7101,710100,7101000000,bolaangmongondowkab,65702,65822,SULAWESI UTARA,BOLAANG MONGONDOW
65974,65702,MINAHASA,2,71,7102,710200,7102000000,minahasakab,65702,65974,SULAWESI UTARA,MINAHASA
66188,65702,KEPULAUAN SANGIHE,2,71,7103,710300,7103000000,kepsangihekab,65702,66188,SULAWESI UTARA,KEPULAUAN SANGIHE
66371,65702,KEPULAUAN TALAUD,2,71,7104,710400,7104000000,keptalaudkab,65702,66371,SULAWESI UTARA,KEPULAUAN TALAUD
66544,65702,MINAHASA SELATAN,2,71,7105,710500,7105000000,minselkab,65702,66544,SULAWESI UTARA,MINAHASA SELATAN
66718,65702,MINAHASA UTARA,2,71,7106,710600,7106000000,minutkab,65702,66718,SULAWESI UTARA,MINAHASA UTARA
66853,65702,MINAHASA TENGGARA,2,71,7107,710700,7107000000,mintrakab,65702,66853,SULAWESI UTARA,MINAHASA TENGGARA
66936,65702,BOLAANG MONGONDOW UTARA,2,71,7108,710800,7108000000,bolmongutkab,65702,66936,SULAWESI UTARA,BOLAANG MONGONDOW UTARA
67035,65702,KEP. SIAU TAGULANDANG BIARO,2,71,7109,710900,7109000000,kepsitarokab,65702,67035,SULAWESI UTARA,KEP. SIAU TAGULANDANG BIARO
67130,65702,KOTA MANADO,2,71,7171,717100,7171000000,manadokota,65702,67130,SULAWESI UTARA,KOTA MANADO
67227,65702,KOTA BITUNG,2,71,7172,717200,7172000000,bitungkota,65702,67227,SULAWESI UTARA,KOTA BITUNG
67305,65702,KOTA TOMOHON,2,71,7173,717300,7173000000,tomohonkota,65702,67305,SULAWESI UTARA,KOTA TOMOHON
67355,65702,KOTA KOTAMOBAGU,2,71,7174,717400,7174000000,kotamobagukota,65702,67355,SULAWESI UTARA,KOTA KOTAMOBAGU
67394,67393,SIGI,2,72,7210,721000,7210000000,sigikab,67393,67394,SULAWESI TENGAH,SIGI
67558,67393,BANGGAI,2,72,7201,720100,7201000000,banggaikab,67393,67558,SULAWESI TENGAH,BANGGAI
67866,67393,POSO,2,72,7202,720200,7202000000,posokab,67393,67866,SULAWESI TENGAH,POSO
68041,67393,DONGGALA,2,72,7203,720300,7203000000,donggalakab,67393,68041,SULAWESI TENGAH,DONGGALA
68206,67393,TOLITOLI,2,72,7204,720400,7204000000,tolitolikab,67393,68206,SULAWESI TENGAH,TOLITOLI
68309,67393,BUOL,2,72,7205,720500,7205000000,buolkab,67393,68309,SULAWESI TENGAH,BUOL
68428,67393,MOROWALI,2,72,7206,720600,7206000000,morowalikab,67393,68428,SULAWESI TENGAH,MOROWALI
68681,67393,BANGGAI KEPULAUAN,2,72,7207,720700,7207000000,banggaikepkab,67393,68681,SULAWESI TENGAH,BANGGAI KEPULAUAN
68887,67393,PARIGI MOUTONG,2,72,7208,720800,7208000000,parimokab,67393,68887,SULAWESI TENGAH,PARIGI MOUTONG
69089,67393,TOJO UNA-UNA,2,72,7209,720900,7209000000,tojounaunakab,67393,69089,SULAWESI TENGAH,TOJO UNA-UNA
69220,67393,KOTA PALU,2,72,7271,727100,7271000000,palukota,67393,69220,SULAWESI TENGAH,KOTA PALU
928074,67393,BANGGAI LAUT,2,72,7211,721100,7211000000,banggailautkab,67393,928074,SULAWESI TENGAH,BANGGAI LAUT
928075,67393,MOROWALI UTARA,2,72,7212,721200,7212000000,morowaliutarakab,67393,928075,SULAWESI TENGAH,MOROWALI UTARA
69269,69268,TORAJA UTARA,2,73,7326,732600,7326000000,torajautarakab,69268,69269,SULAWESI SELATAN,TORAJA UTARA
69442,69268,KEPULAUAN SELAYAR,2,73,7301,730100,7301000000,selayarkab,69268,69442,SULAWESI SELATAN,KEPULAUAN SELAYAR
69531,69268,BULUKUMBA,2,73,7302,730200,7302000000,bulukumbakab,69268,69531,SULAWESI SELATAN,BULUKUMBA
69668,69268,BANTAENG,2,73,7303,730300,7303000000,bantaengkab,69268,69668,SULAWESI SELATAN,BANTAENG
69744,69268,JENEPONTO,2,73,7304,730400,7304000000,jenepontokab,69268,69744,SULAWESI SELATAN,JENEPONTO
69869,69268,TAKALAR,2,73,7305,730500,7305000000,takalarkab,69268,69869,SULAWESI SELATAN,TAKALAR
69962,69268,GOWA,2,73,7306,730600,7306000000,gowakab,69268,69962,SULAWESI SELATAN,GOWA
70149,69268,SINJAI,2,73,7307,730700,7307000000,sinjaikab,69268,70149,SULAWESI SELATAN,SINJAI
70239,69268,BONE,2,73,7308,730800,7308000000,bonekab,69268,70239,SULAWESI SELATAN,BONE
70639,69268,MAROS,2,73,7309,730900,7309000000,maroskab,69268,70639,SULAWESI SELATAN,MAROS
70757,69268,PANGKAJENE DAN KEPULAUAN,2,73,7310,731000,7310000000,pangkajenekepkab,69268,70757,SULAWESI SELATAN,PANGKAJENE DAN KEPULAUAN
70873,69268,BARRU,2,73,7311,731100,7311000000,barrukab,69268,70873,SULAWESI SELATAN,BARRU
70935,69268,SOPPENG,2,73,7312,731200,7312000000,soppengkab,69268,70935,SULAWESI SELATAN,SOPPENG
71014,69268,WAJO,2,73,7313,731300,7313000000,wajokab,69268,71014,SULAWESI SELATAN,WAJO
71209,69268,SIDENRENG RAPPANG,2,73,7314,731400,7314000000,sinderengrapangkab,69268,71209,SULAWESI SELATAN,SIDENRENG RAPPANG
71327,69268,PINRANG,2,73,7315,731500,7315000000,pinrangkab,69268,71327,SULAWESI SELATAN,PINRANG
71437,69268,ENREKANG,2,73,7316,731600,7316000000,enrekangkab,69268,71437,SULAWESI SELATAN,ENREKANG
71579,69268,LUWU,2,73,7317,731700,7317000000,luwukab,69268,71579,SULAWESI SELATAN,LUWU
71828,69268,TANA TORAJA,2,73,7318,731800,7318000000,tanatorajakab,69268,71828,SULAWESI SELATAN,TANA TORAJA
72007,69268,LUWU UTARA,2,73,7322,732200,7322000000,luwuutarakab,69268,72007,SULAWESI SELATAN,LUWU UTARA
72190,69268,LUWU TIMUR,2,73,7324,732400,7324000000,luwutimurkab,69268,72190,SULAWESI SELATAN,LUWU TIMUR
72309,69268,KOTA MAKASSAR,2,73,7371,737100,7371000000,makassarkota,69268,72309,SULAWESI SELATAN,KOTA MAKASSAR
72467,69268,KOTA PARE PARE,2,73,7372,737200,7372000000,pareparekota,69268,72467,SULAWESI SELATAN,KOTA PARE PARE
72493,69268,KOTA PALOPO,2,73,7373,737300,7373000000,palopokota,69268,72493,SULAWESI SELATAN,KOTA PALOPO
72552,72551,KOLAKA,2,74,7401,740100,7401000000,kolakakab,72551,72552,SULAWESI TENGGARA,KOLAKA
72786,72551,KONAWE,2,74,7402,740200,7402000000,konawekab,72551,72786,SULAWESI TENGGARA,KONAWE
73150,72551,MUNA,2,74,7403,740300,7403000000,munakab,72551,73150,SULAWESI TENGGARA,MUNA
73420,72551,BUTON,2,74,7404,740400,7404000000,butonkab,72551,73420,SULAWESI TENGGARA,BUTON
73650,72551,KONAWE SELATAN,2,74,7405,740500,7405000000,konaweselatankab,72551,73650,SULAWESI TENGGARA,KONAWE SELATAN
74018,72551,BOMBANA,2,74,7406,740600,7406000000,bombanakab,72551,74018,SULAWESI TENGGARA,BOMBANA
74179,72551,WAKATOBI,2,74,7407,740700,7407000000,wakatobikab,72551,74179,SULAWESI TENGGARA,WAKATOBI
74288,72551,KOLAKA UTARA,2,74,7408,740800,7408000000,kolakautarakab,72551,74288,SULAWESI TENGGARA,KOLAKA UTARA
74437,72551,KONAWE UTARA,2,74,7409,740900,7409000000,konaweutarakab,72551,74437,SULAWESI TENGGARA,KONAWE UTARA
74525,72551,BUTON UTARA,2,74,7410,741000,7410000000,butonutarakab,72551,74525,SULAWESI TENGGARA,BUTON UTARA
74590,72551,KOTA KENDARI,2,74,7471,747100,7471000000,kendarikota,72551,74590,SULAWESI TENGGARA,KOTA KENDARI
74665,72551,KOTA BAU BAU,2,74,7472,747200,7472000000,baubaukota,72551,74665,SULAWESI TENGGARA,KOTA BAU BAU
928076,72551,KOLAKA TIMUR,2,74,7411,741100,7411000000,kolakatimurkab,72551,928076,SULAWESI TENGGARA,KOLAKA TIMUR
928077,72551,KONAWE KEPULAUAN,2,74,7412,741200,7412000000,kepkonawekab,72551,928077,SULAWESI TENGGARA,KONAWE KEPULAUAN
928082,72551,MUNA BARAT,2,74,7413,741300,7413000000,mubarkab,72551,928082,SULAWESI TENGGARA,MUNA BARAT
928083,72551,BUTON TENGAH,2,74,7414,741400,7414000000,butengkab,72551,928083,SULAWESI TENGGARA,BUTON TENGAH
928084,72551,BUTON SELATAN,2,74,7415,741500,7415000000,buselkab,72551,928084,SULAWESI TENGGARA,BUTON SELATAN
74717,74716,GORONTALO,2,75,7501,750100,7501000000,gorontalokab,74716,74717,GORONTALO,GORONTALO
74941,74716,BOALEMO,2,75,7502,750200,7502000000,boalemokab,74716,74941,GORONTALO,BOALEMO
75031,74716,BONE BOLANGO,2,75,7503,750300,7503000000,bonebolangokab,74716,75031,GORONTALO,BONE BOLANGO
75183,74716,PAHUWATO,2,75,7504,750400,7504000000,pahuwatokab,74716,75183,GORONTALO,PAHUWATO
75301,74716,GORONTALO UTARA,2,75,7505,750500,7505000000,gorontaloutarakab,74716,75301,GORONTALO,GORONTALO UTARA
75365,74716,KOTA GORONTALO,2,75,7571,757100,7571000000,gorontalokota,74716,75365,GORONTALO,KOTA GORONTALO
75426,75425,MAMUJU UTARA,2,76,7601,760100,7601000000,mamujuutarakab,75425,75426,SULAWESI BARAT,MAMUJU UTARA
75502,75425,MAMUJU,2,76,7602,760200,7602000000,mamujukab,75425,75502,SULAWESI BARAT,MAMUJU
75670,75425,MAMASA,2,76,7603,760300,7603000000,mamasakab,75425,75670,SULAWESI BARAT,MAMASA
75863,75425,POLEWALI MANDAR,2,76,7604,760400,7604000000,polewalimandarkab,75425,75863,SULAWESI BARAT,POLEWALI MANDAR
76047,75425,MAJENE,2,76,7605,760500,7605000000,majenekab,75425,76047,SULAWESI BARAT,MAJENE
928078,75425,MAMUJU TENGAH,2,76,7606,760600,7606000000,mamujutengahkab,75425,928078,SULAWESI BARAT,MAMUJU TENGAH
76097,76096,MALUKU BARAT DAYA,2,81,8108,810800,8108000000,malbardaykab,76096,76097,MALUKU,MALUKU BARAT DAYA
76223,76096,BURU SELATAN,2,81,8109,810900,8109000000,buruselatankab,76096,76223,MALUKU,BURU SELATAN
76284,76096,MALUKU TENGAH,2,81,8101,810100,8101000000,maltengkab,76096,76284,MALUKU,MALUKU TENGAH
76470,76096,MALUKU TENGGARA,2,81,8102,810200,8102000000,maltrakab,76096,76470,MALUKU,MALUKU TENGGARA
76568,76096,MALUKU TENGGARA BARAT,2,81,8103,810300,8103000000,maltrabarkab,76096,76568,MALUKU,MALUKU TENGGARA BARAT
76651,76096,BURU,2,81,8104,810400,8104000000,burukab,76096,76651,MALUKU,BURU
76708,76096,SERAM BAGIAN TIMUR,2,81,8105,810500,8105000000,serambagtimkab,76096,76708,MALUKU,SERAM BAGIAN TIMUR
76771,76096,SERAM BAGIAN BARAT,2,81,8106,810600,8106000000,serambagbarkab,76096,76771,MALUKU,SERAM BAGIAN BARAT
76868,76096,KEPULAUAN ARU,2,81,8107,810700,8107000000,keparukab,76096,76868,MALUKU,KEPULAUAN ARU
76995,76096,KOTA AMBON,2,81,8171,817100,8171000000,ambonkota,76096,76995,MALUKU,KOTA AMBON
77051,76096,KOTA TUAL,2,81,8172,817200,8172000000,tualkota,76096,77051,MALUKU,KOTA TUAL
77086,77085,PULAU MOROTAI,2,82,8207,820700,8207000000,kepmorotaikab,77085,77086,MALUKU UTARA,PULAU MOROTAI
77155,77085,HALMAHERA BARAT,2,82,8201,820100,8201000000,halbarkab,77085,77155,MALUKU UTARA,HALMAHERA BARAT
77311,77085,HALMAHERA TENGAH,2,82,8202,820200,8202000000,haltengkab,77085,77311,MALUKU UTARA,HALMAHERA TENGAH
77364,77085,HALMAHERA UTARA,2,82,8203,820300,8203000000,halutkab,77085,77364,MALUKU UTARA,HALMAHERA UTARA
77578,77085,HALMAHERA SELATAN,2,82,8204,820400,8204000000,halselkab,77085,77578,MALUKU UTARA,HALMAHERA SELATAN
77858,77085,KEPULAUAN SULA,2,82,8205,820500,8205000000,kepsulakab,77085,77858,MALUKU UTARA,KEPULAUAN SULA
77956,77085,HALMAHERA TIMUR,2,82,8206,820600,8206000000,haltimkab,77085,77956,MALUKU UTARA,HALMAHERA TIMUR
78040,77085,KOTA TERNATE,2,82,8271,827100,8271000000,ternatekota,77085,78040,MALUKU UTARA,KOTA TERNATE
78122,77085,KOTA TIDORE KEPULAUAN,2,82,8272,827200,8272000000,tidorekepkota,77085,78122,MALUKU UTARA,KOTA TIDORE KEPULAUAN
928079,77085,PULAU TALIABU,2,82,8208,820800,8208000000,taliabukab,77085,928079,MALUKU UTARA,PULAU TALIABU
78204,78203,INTAN JAYA,2,91,9127,912700,9127000000,intanjayakab,78203,78204,PAPUA,INTAN JAYA
78289,78203,DEIYAI,2,91,9128,912800,9128000000,deiyaikab,78203,78289,PAPUA,DEIYAI
78324,78203,TOLIKARA,2,91,9114,911400,9114000000,tolikarakab,78203,78324,PAPUA,TOLIKARA
78862,78203,WAROPEN,2,91,9115,911500,9115000000,waropenkab,78203,78862,PAPUA,WAROPEN
78927,78203,BOVEN DIGOEL,2,91,9116,911600,9116000000,bovendigoelkab,78203,78927,PAPUA,BOVEN DIGOEL
79019,78203,MAPPI,2,91,9117,911700,9117000000,mappikab,78203,79019,PAPUA,MAPPI
79163,78203,ASMAT,2,91,9118,911800,9118000000,asmatkab,78203,79163,PAPUA,ASMAT
79310,78203,SUPIORI,2,91,9119,911900,9119000000,supiorikab,78203,79310,PAPUA,SUPIORI
79354,78203,MAMBERAMO RAYA,2,91,9120,912000,9120000000,mamberamorayakab,78203,79354,PAPUA,MAMBERAMO RAYA
79421,78203,KOTA JAYAPURA,2,91,9171,917100,9171000000,jayapurakota,78203,79421,PAPUA,KOTA JAYAPURA
79466,78203,MAMBERAMO TENGAH,2,91,9121,912100,9121000000,maberamotengahkab,78203,79466,PAPUA,MAMBERAMO TENGAH
79531,78203,YALIMO,2,91,9122,912200,9122000000,yalimokab,78203,79531,PAPUA,YALIMO
79564,78203,LANNY JAYA,2,91,9123,912300,9123000000,lannyjayakab,78203,79564,PAPUA,LANNY JAYA
79629,78203,NDUGA,2,91,9124,912400,9124000000,dugakab,78203,79629,PAPUA,NDUGA
79663,78203,PUNCAK,2,91,9125,912500,9125000000,puncakkab,78203,79663,PAPUA,PUNCAK
79752,78203,DOGIYAI,2,91,9126,912600,9126000000,dogiyaikab,78203,79752,PAPUA,DOGIYAI
79826,78203,MERAUKE,2,91,9101,910100,9101000000,meraukekab,78203,79826,PAPUA,MERAUKE
80015,78203,JAYAWIJAYA,2,91,9102,910200,9102000000,jayawijayakab,78203,80015,PAPUA,JAYAWIJAYA
80144,78203,JAYAPURA,2,91,9103,910300,9103000000,jayapurakab,78203,80144,PAPUA,JAYAPURA
80309,78203,NABIRE,2,91,9104,910400,9104000000,nabirekab,78203,80309,PAPUA,NABIRE
80402,78203,KEPULAUAN YAPEN,2,91,9105,910500,9105000000,yapenwaropenkab,78203,80402,PAPUA,KEPULAUAN YAPEN
80526,78203,BIAK NUMFOR,2,91,9106,910600,9106000000,biaknumforkab,78203,80526,PAPUA,BIAK NUMFOR
80724,78203,PUNCAK JAYA,2,91,9107,910700,9107000000,puncakjayakab,78203,80724,PAPUA,PUNCAK JAYA
80851,78203,PANIAI,2,91,9108,910800,9108000000,paniaikab,78203,80851,PAPUA,PANIAI
81007,78203,MIMIKA,2,91,9109,910900,9109000000,mimikakab,78203,81007,PAPUA,MIMIKA
81104,78203,SARMI,2,91,9110,911000,9110000000,sarmikab,78203,81104,PAPUA,SARMI
81192,78203,KEEROM,2,91,9111,911100,9111000000,keeromkab,78203,81192,PAPUA,KEEROM
81261,78203,PEGUNUNGAN BINTANG,2,91,9112,911200,9112000000,pegbintangkab,78203,81261,PAPUA,PEGUNUNGAN BINTANG
81357,78203,YAHUKIMO,2,91,9113,911300,9113000000,yahukimokab,78203,81357,PAPUA,YAHUKIMO
81878,81877,MAYBRAT,2,92,9210,921000,9210000000,maybratkab,81877,81878,PAPUA BARAT,MAYBRAT
81992,81877,TAMBRAUW,2,92,9209,920900,9209000000,tambrauwkab,81877,81992,PAPUA BARAT,TAMBRAUW
82022,81877,SORONG,2,92,9201,920100,9201000000,sorongkab,81877,82022,PAPUA BARAT,SORONG
82154,81877,MANOKWARI,2,92,9202,920200,9202000000,manokwarikab,81877,82154,PAPUA BARAT,MANOKWARI
82605,81877,FAKFAK,2,92,9203,920300,9203000000,fakfakkab,81877,82605,PAPUA BARAT,FAKFAK
82724,81877,SORONG SELATAN,2,92,9204,920400,9204000000,sorongselatankab,81877,82724,PAPUA BARAT,SORONG SELATAN
82850,81877,RAJA AMPAT,2,92,9205,920500,9205000000,rajaampatkab,81877,82850,PAPUA BARAT,RAJA AMPAT
82965,81877,TELUK BINTUNI,2,92,9206,920600,9206000000,telbintunikab,81877,82965,PAPUA BARAT,TELUK BINTUNI
83107,81877,TELUK WONDAMA,2,92,9207,920700,9207000000,telwondamakab,81877,83107,PAPUA BARAT,TELUK WONDAMA
83194,81877,KAIMANA,2,92,9208,920800,9208000000,kaimanakab,81877,83194,PAPUA BARAT,KAIMANA
83289,81877,KOTA SORONG,2,92,9271,927100,9271000000,sorongkota,81877,83289,PAPUA BARAT,KOTA SORONG
928080,81877,MANOKWARI SELATAN,2,92,9211,921100,9211000000,manokwariselatankab,81877,928080,PAPUA BARAT,MANOKWARI SELATAN
928081,81877,PEGUNUNGAN ARFAK,2,92,9212,921200,9212000000,pegarfakkab,81877,928081,PAPUA BARAT,PEGUNUNGAN ARFAK
64617,928068,BULUNGAN,2,65,6501,650100,6501000000,bulungankab,928068,64617,KALIMANTAN UTARA,BULUNGAN
64709,928068,NUNUKAN,2,65,6503,650300,6503000000,nunukankab,928068,64709,KALIMANTAN UTARA,NUNUKAN
64949,928068,MALINAU,2,65,6502,650200,6502000000,malinaukab,928068,64949,KALIMANTAN UTARA,MALINAU
65631,928068,KOTA TARAKAN,2,65,6571,657100,6571000000,tarakankota,928068,65631,KALIMANTAN UTARA,KOTA TARAKAN
65675,928068,TANA TIDUNG,2,65,6504,650400,6504000000,tanatidungkab,928068,65675,KALIMANTAN UTARA,TANA TIDUNG
